SET @OLD_UNIQUE_CHECKS=@@UNIQUE_CHECKS, UNIQUE_CHECKS=0;
SET @OLD_FOREIGN_KEY_CHECKS=@@FOREIGN_KEY_CHECKS, FOREIGN_KEY_CHECKS=0;
SET @OLD_SQL_MODE=@@SQL_MODE, SQL_MODE='TRADITIONAL';

CREATE SCHEMA IF NOT EXISTS `SCF` DEFAULT CHARACTER SET latin1 COLLATE latin1_swedish_ci ;
USE `SCF` ;

-- -----------------------------------------------------
-- Table `SCF`.`SCF_OBJECT_ZONE_SYNC`
-- -----------------------------------------------------
CREATE  TABLE IF NOT EXISTS `SCF`.`SCF_OBJECT_ZONE_SYNC` (
  `OBJECT_ZONE_SYNC_ID` INT(11)  NOT NULL AUTO_INCREMENT ,
  `SIF_OBJECT_NAME` VARCHAR(45) NULL ,
  `ZONE_ID` VARCHAR(45) NULL COMMENT 'Zone ID as it is returned from the Zone for each object.' ,
  `AGENT_ID` VARCHAR(45) NULL ,
  `LAST_REQUESTED` DATETIME NULL COMMENT 'Date and time when object has last been requested.' ,
  PRIMARY KEY (`OBJECT_ZONE_SYNC_ID`) )
ENGINE = InnoDB;

CREATE INDEX `IX_OBJECT_SYNC_NAME_ZONE` ON `SCF`.`SCF_OBJECT_ZONE_SYNC` (`SIF_OBJECT_NAME` ASC, `ZONE_ID` ASC) ;


-- -----------------------------------------------------
-- Table `SCF`.`SCF_OBJECT`
-- -----------------------------------------------------
CREATE  TABLE IF NOT EXISTS `SCF`.`SCF_OBJECT` (
  `SIF_OBJECT_NAME` VARCHAR(45) NOT NULL ,
  `KEY_SEPARATOR` VARCHAR(3) NULL COMMENT 'If the object has a compond key then the key is stored as a flat string, separated by this separator sequence.' ,
  `DEFAULT_EXPIRY_IN_MINUTES` INT(11)  NULL COMMENT 'The default value fir an object to exprie in the DOC.' ,
  `DEFAULT_EXPIRY_STRATEGY` VARCHAR(45) NULL COMMENT 'EXPIRE: Expire object and dependencies\nREQUEST: Request dependent objects again.' ,
  PRIMARY KEY (`SIF_OBJECT_NAME`) )
ENGINE = InnoDB;


-- -----------------------------------------------------
-- Table `SCF`.`SCF_OBJECT_KEY`
-- -----------------------------------------------------
CREATE  TABLE IF NOT EXISTS `SCF`.`SCF_OBJECT_KEY` (
  `OBJECT_KEY_ID` INT(11)  NOT NULL AUTO_INCREMENT ,
  `SIF_OBJECT_NAME` VARCHAR(45) NOT NULL ,
  `XPATH_TO_KEY` VARCHAR(256) NOT NULL ,
  `SORT_ORDER` INT(11)  NULL ,
  PRIMARY KEY (`OBJECT_KEY_ID`) ,
  CONSTRAINT `fk_SCF_OBJECT_KEY_SCF_OBJECT1`
    FOREIGN KEY (`SIF_OBJECT_NAME` )
    REFERENCES `SCF`.`SCF_OBJECT` (`SIF_OBJECT_NAME` )
   ON DELETE NO ACTION
    ON UPDATE NO ACTION)
ENGINE = InnoDB;

CREATE INDEX `fk_SCF_OBJECT_KEY_SCF_OBJECT1` ON `SCF`.`SCF_OBJECT_KEY` (`SIF_OBJECT_NAME` ASC) ;

CREATE INDEX `IX_OBJECT_KEY_KEY_ORDER` ON `SCF`.`SCF_OBJECT_KEY` (`SIF_OBJECT_NAME` ASC, `SORT_ORDER` ASC) ;


-- -----------------------------------------------------
-- Table `SCF`.`SCF_DO_CACHE`
-- -----------------------------------------------------
CREATE  TABLE IF NOT EXISTS `SCF`.`SCF_DO_CACHE` (
  `DO_CACHE_ID` INT(11)  NOT NULL AUTO_INCREMENT ,
  `SIF_OBJECT_NAME` VARCHAR(45) NULL ,
  `OBJECT_KEY_VALUE` VARCHAR(256) NULL COMMENT 'Flattend Key: Made up of object key and separator for compound keys.' ,
  `IS_EVENT` TINYINT(1)  NULL ,
  `EVENT_TYPE` VARCHAR(10) NULL COMMENT 'CHANGE, ADD, DELETE' ,
  `OBJECT_XML` TEXT NULL ,
  `RECEIVED_DATE` DATETIME NULL COMMENT 'Date when object was received andput in cache.' ,
  `AGENT_ID` VARCHAR(45) NULL ,
  `APPLICATION_ID` VARCHAR(45) NULL COMMENT 'Indicates for which application this object has been received.' ,
  `ZONE_ID` VARCHAR(45) NULL ,
  `DEPENENCY_REMAINING` INT(11)  NULL COMMENT 'Indicates the number of dependent objects are still outstanding. If it is 0 then it can be removed.' ,
  `EXPIRY_DATE` DATETIME NULL COMMENT 'The date and time when the object and its dependend objects should be discarded from the DOC.' ,
  `EXPIRY_STRATEGY` VARCHAR(45) NULL COMMENT 'EXPIRE: Expire object and dependencies\nREQUEST: Request dependent objects again.' ,
  PRIMARY KEY (`DO_CACHE_ID`) ,
  CONSTRAINT `fk_SCF_DOC_SCF_OBJECT1`
    FOREIGN KEY (`SIF_OBJECT_NAME` )
    REFERENCES `SCF`.`SCF_OBJECT` (`SIF_OBJECT_NAME` )
    ON DELETE NO ACTION
    ON UPDATE NO ACTION)
ENGINE = InnoDB;

CREATE INDEX `fk_SCF_DOC_SCF_OBJECT1` ON `SCF`.`SCF_DO_CACHE` (`SIF_OBJECT_NAME` ASC) ;

CREATE INDEX `IX_DO_CACHE_NAME_REMAINING` ON `SCF`.`SCF_DO_CACHE` (`SIF_OBJECT_NAME` ASC, `DEPENENCY_REMAINING` ASC) ;

CREATE INDEX `IX_DO_CACHE_NAME_EXPIRY` ON `SCF`.`SCF_DO_CACHE` (`SIF_OBJECT_NAME` ASC, `EXPIRY_DATE` ASC) ;

CREATE INDEX `IX_DO_CACHE_EXPIRY` ON `SCF`.`SCF_DO_CACHE` (`EXPIRY_DATE` ASC) ;

CREATE INDEX `IX_DO_CACHE_NAME_KEY_APPID` ON `SCF`.`SCF_DO_CACHE` (`SIF_OBJECT_NAME` ASC, `OBJECT_KEY_VALUE` ASC, `APPLICATION_ID` ASC, `ZONE_ID` ASC) ;


-- -----------------------------------------------------
-- Table `SCF`.`SCF_DOC_OBJECT`
-- -----------------------------------------------------
CREATE  TABLE IF NOT EXISTS `SCF`.`SCF_DOC_OBJECT` (
  `DOC_OBJECT_ID` INT(11)  NOT NULL AUTO_INCREMENT ,
  `SIF_OBJECT_NAME` VARCHAR(45) NULL ,
  `OBJECT_KEY_VALUE` VARCHAR(256) NULL ,
  `AGENT_ID` VARCHAR(45) NULL ,
  `APPLICATION_ID` VARCHAR(45) NULL COMMENT 'Indicates for which application this object has been received.' ,
  `ZONE_ID` VARCHAR(45) NULL ,
  `REQUESTED` TINYINT(1)  NULL COMMENT 'TRUE=Object requested and REQUEST_DATE should be set, FALSE=Object has not been requested, yet.' ,
  `REQUEST_DATE` DATETIME NULL ,
  PRIMARY KEY (`DOC_OBJECT_ID`) ,
  CONSTRAINT `fk_SCF_DEPENDENT_OBJECT_SCF_OBJECT1`
    FOREIGN KEY (`SIF_OBJECT_NAME` )
    REFERENCES `SCF`.`SCF_OBJECT` (`SIF_OBJECT_NAME` )
    ON DELETE NO ACTION
    ON UPDATE NO ACTION)
ENGINE = InnoDB;

CREATE INDEX `fk_SCF_DEPENDENT_OBJECT_SCF_OBJECT1` ON `SCF`.`SCF_DOC_OBJECT` (`SIF_OBJECT_NAME` ASC) ;

CREATE INDEX `IX_DOC_OBJECT_NAME_KEY` ON `SCF`.`SCF_DOC_OBJECT` (`SIF_OBJECT_NAME` ASC, `OBJECT_KEY_VALUE` ASC, `APPLICATION_ID` ASC, `ZONE_ID` ASC) ;

CREATE INDEX `IX_DOC_OBJECT_NAME_APPID` ON `SCF`.`SCF_DOC_OBJECT` (`SIF_OBJECT_NAME` ASC, `APPLICATION_ID` ASC) ;


-- -----------------------------------------------------
-- Table `SCF`.`SCF_DOC_OBJECT_LIST`
-- -----------------------------------------------------
CREATE  TABLE IF NOT EXISTS `SCF`.`SCF_DOC_OBJECT_LIST` (
  `DO_CACHE_ID` INT(11)  NOT NULL ,
  `DEPENDENT_OBJECT_ID` INT(11)  NOT NULL ,
  PRIMARY KEY (`DO_CACHE_ID`, `DEPENDENT_OBJECT_ID`) ,
  CONSTRAINT `fk_SCF_OBJECT_LIST_SCF_DOC1`
    FOREIGN KEY (`DO_CACHE_ID` )
    REFERENCES `SCF`.`SCF_DO_CACHE` (`DO_CACHE_ID` )
    ON DELETE NO ACTION
    ON UPDATE NO ACTION,
  CONSTRAINT `fk_SCF_OBJECT_LIST_SCF_DEPENDENT_OBJECT1`
    FOREIGN KEY (`DEPENDENT_OBJECT_ID` )
    REFERENCES `SCF`.`SCF_DOC_OBJECT` (`DOC_OBJECT_ID` )
   ON DELETE NO ACTION
    ON UPDATE NO ACTION)
ENGINE = InnoDB
COMMENT = 'This table lists all outstanding dependent objects for a given Object in the DOC.';

CREATE INDEX `fk_SCF_OBJECT_LIST_SCF_DOC1` ON `SCF`.`SCF_DOC_OBJECT_LIST` (`DO_CACHE_ID` ASC) ;

CREATE INDEX `fk_SCF_OBJECT_LIST_SCF_DEPENDENT_OBJECT1` ON `SCF`.`SCF_DOC_OBJECT_LIST` (`DEPENDENT_OBJECT_ID` ASC) ;


-- -----------------------------------------------------
-- Table `SCF`.`SCF_DEPENDENCY_INFO`
-- -----------------------------------------------------
CREATE  TABLE IF NOT EXISTS `SCF`.`SCF_DEPENDENCY_INFO` (
  `DEPENDENCY_INFO_ID` INT(11)  NOT NULL AUTO_INCREMENT ,
  `SIF_OBJECT_NAME` VARCHAR(45) NULL ,
  `PARENT_SIF_OBJECT_NAME` VARCHAR(45) NULL COMMENT 'This is the object we will be waiting for if it is not stored.' ,
  `MULTIPLE` TINYINT(1)  NULL COMMENT 'TRUE=There is a list of of dependent objects in the actual SIF Object\nFALSE=The depenedent object has exactly 1 reference.' ,
  `XPATH_TO_LIST` VARCHAR(256) NULL COMMENT 'Is null if MULTIPLE=FALSE.' ,
  PRIMARY KEY (`DEPENDENCY_INFO_ID`) ,
  CONSTRAINT `fk_SCF_OBJECT_DPENDENCIES_SCF_OBJECT1`
    FOREIGN KEY (`SIF_OBJECT_NAME` )
    REFERENCES `SCF`.`SCF_OBJECT` (`SIF_OBJECT_NAME` )
    ON DELETE NO ACTION
    ON UPDATE NO ACTION,
  CONSTRAINT `fk_SCF_OBJECT_DEPENDENCIES_SCF_OBJECT1`
    FOREIGN KEY (`PARENT_SIF_OBJECT_NAME` )
    REFERENCES `SCF`.`SCF_OBJECT` (`SIF_OBJECT_NAME` )
    ON DELETE NO ACTION
    ON UPDATE NO ACTION)
ENGINE = InnoDB
COMMENT = 'Lists all objects the child object depends on.';

CREATE INDEX `fk_SCF_OBJECT_DPENDENCIES_SCF_OBJECT1` ON `SCF`.`SCF_DEPENDENCY_INFO` (`SIF_OBJECT_NAME` ASC) ;

CREATE INDEX `fk_SCF_OBJECT_DEPENDENCIES_SCF_OBJECT1` ON `SCF`.`SCF_DEPENDENCY_INFO` (`PARENT_SIF_OBJECT_NAME` ASC) ;


-- -----------------------------------------------------
-- Table `SCF`.`SCF_DEPENDENCY_KEY_INFO`
-- -----------------------------------------------------
CREATE  TABLE IF NOT EXISTS `SCF`.`SCF_DEPENDENCY_KEY_INFO` (
  `DEPENDENCY_KEY_INFO_ID` INT(11)  NOT NULL AUTO_INCREMENT ,
  `DEPENDENCY_INFO_ID` INT(11)  NULL ,
  `XPATH_TO_KEY` VARCHAR(256) NOT NULL ,
  `SORT_ORDER` INT(11)  NULL ,
  `IS_INDICATOR` TINYINT(1)  NOT NULL COMMENT 'TRUE:Inicator Field, FALSE: Standard Key field' ,
  PRIMARY KEY (`DEPENDENCY_KEY_INFO_ID`) ,
  CONSTRAINT `fk_SCF_DEPENDENCY_KEY_INFO_SCF_DEPENDENCY_INFO1`
    FOREIGN KEY (`DEPENDENCY_INFO_ID` )
    REFERENCES `SCF`.`SCF_DEPENDENCY_INFO` (`DEPENDENCY_INFO_ID` )
    ON DELETE NO ACTION
    ON UPDATE NO ACTION)
ENGINE = InnoDB;

CREATE INDEX `fk_SCF_DEPENDENCY_KEY_INFO_SCF_DEPENDENCY_INFO1` ON `SCF`.`SCF_DEPENDENCY_KEY_INFO` (`DEPENDENCY_INFO_ID` ASC) ;


-- -----------------------------------------------------
-- Table `SCF`.`SCF_VALID_INDICATOR`
-- -----------------------------------------------------
CREATE  TABLE IF NOT EXISTS `SCF`.`SCF_VALID_INDICATOR` (
  `DEPENDENCY_KEY_INFO_ID` INT(11)  NOT NULL ,
  `SIF_OBJECT_NAME` VARCHAR(45) NOT NULL ,
  PRIMARY KEY (`DEPENDENCY_KEY_INFO_ID`, `SIF_OBJECT_NAME` ) ,
 CONSTRAINT `fk_SCF_VALID_INDICATOR_SCF_OBJECT1`
    FOREIGN KEY (`SIF_OBJECT_NAME` )
    REFERENCES `SCF`.`SCF_OBJECT` (`SIF_OBJECT_NAME` )
    ON DELETE NO ACTION
    ON UPDATE NO ACTION,
  CONSTRAINT `fk_SCF_VALID_INDICATOR_SCF_DEPENDENCY_KEY_INFO1`
    FOREIGN KEY (`DEPENDENCY_KEY_INFO_ID` )
    REFERENCES `SCF`.`SCF_DEPENDENCY_KEY_INFO` (`DEPENDENCY_KEY_INFO_ID` )
    ON DELETE NO ACTION
    ON UPDATE NO ACTION)
ENGINE = InnoDB
COMMENT = 'This table lists all valid Objects that can be used for an indicator field.';

CREATE INDEX `fk_SCF_VALID_INDICATOR_SCF_OBJECT1` ON `SCF`.`SCF_VALID_INDICATOR` (`SIF_OBJECT_NAME` ASC) ;

CREATE INDEX `fk_SCF_VALID_INDICATOR_SCF_DEPENDENCY_KEY_INFO1` ON `SCF`.`SCF_VALID_INDICATOR` (`DEPENDENCY_KEY_INFO_ID` ASC) ;



SET SQL_MODE=@OLD_SQL_MODE;
SET FOREIGN_KEY_CHECKS=@OLD_FOREIGN_KEY_CHECKS;
SET UNIQUE_CHECKS=@OLD_UNIQUE_CHECKS;

-- -----------------------------------------------------
-- Data for table `SCF`.`SCF_OBJECT`
-- -----------------------------------------------------
SET AUTOCOMMIT=0;
USE `SCF`;
INSERT INTO `SCF`.`SCF_OBJECT` (`SIF_OBJECT_NAME`, `KEY_SEPARATOR`, `DEFAULT_EXPIRY_IN_MINUTES`, `DEFAULT_EXPIRY_STRATEGY`) VALUES ('StudentPersonal', NULL, 120, 'EXPIRE');
INSERT INTO `SCF`.`SCF_OBJECT` (`SIF_OBJECT_NAME`, `KEY_SEPARATOR`, `DEFAULT_EXPIRY_IN_MINUTES`, `DEFAULT_EXPIRY_STRATEGY`) VALUES ('SchoolInfo', NULL, 120, 'EXPIRE');
INSERT INTO `SCF`.`SCF_OBJECT` (`SIF_OBJECT_NAME`, `KEY_SEPARATOR`, `DEFAULT_EXPIRY_IN_MINUTES`, `DEFAULT_EXPIRY_STRATEGY`) VALUES ('StaffPersonal', NULL, 120, 'EXPIRE');
INSERT INTO `SCF`.`SCF_OBJECT` (`SIF_OBJECT_NAME`, `KEY_SEPARATOR`, `DEFAULT_EXPIRY_IN_MINUTES`, `DEFAULT_EXPIRY_STRATEGY`) VALUES ('StudentContactPersonal', NULL, 120, 'EXPIRE');
INSERT INTO `SCF`.`SCF_OBJECT` (`SIF_OBJECT_NAME`, `KEY_SEPARATOR`, `DEFAULT_EXPIRY_IN_MINUTES`, `DEFAULT_EXPIRY_STRATEGY`) VALUES ('StudentSchoolEnrollment', NULL, 120, 'EXPIRE');
INSERT INTO `SCF`.`SCF_OBJECT` (`SIF_OBJECT_NAME`, `KEY_SEPARATOR`, `DEFAULT_EXPIRY_IN_MINUTES`, `DEFAULT_EXPIRY_STRATEGY`) VALUES ('StaffAssignment', NULL, 120, 'EXPIRE');
INSERT INTO `SCF`.`SCF_OBJECT` (`SIF_OBJECT_NAME`, `KEY_SEPARATOR`, `DEFAULT_EXPIRY_IN_MINUTES`, `DEFAULT_EXPIRY_STRATEGY`) VALUES ('TeachingGroup', NULL, 120, 'EXPIRE');
INSERT INTO `SCF`.`SCF_OBJECT` (`SIF_OBJECT_NAME`, `KEY_SEPARATOR`, `DEFAULT_EXPIRY_IN_MINUTES`, `DEFAULT_EXPIRY_STRATEGY`) VALUES ('StudentContactRelationship', '|', 120, 'EXPIRE');
INSERT INTO `SCF`.`SCF_OBJECT` (`SIF_OBJECT_NAME`, `KEY_SEPARATOR`, `DEFAULT_EXPIRY_IN_MINUTES`, `DEFAULT_EXPIRY_STRATEGY`) VALUES ('Identity', NULL, 120, 'EXPIRE');

COMMIT;

-- -----------------------------------------------------
-- Data for table `SCF`.`SCF_OBJECT_KEY`
-- -----------------------------------------------------
SET AUTOCOMMIT=0;
USE `SCF`;
INSERT INTO `SCF`.`SCF_OBJECT_KEY` (`OBJECT_KEY_ID`, `SIF_OBJECT_NAME`, `XPATH_TO_KEY`, `SORT_ORDER`) VALUES (1, 'StudentPersonal', '@RefId', 1);
INSERT INTO `SCF`.`SCF_OBJECT_KEY` (`OBJECT_KEY_ID`, `SIF_OBJECT_NAME`, `XPATH_TO_KEY`, `SORT_ORDER`) VALUES (2, 'SchoolInfo', '@RefId', 1);
INSERT INTO `SCF`.`SCF_OBJECT_KEY` (`OBJECT_KEY_ID`, `SIF_OBJECT_NAME`, `XPATH_TO_KEY`, `SORT_ORDER`) VALUES (3, 'StaffPersonal', '@RefId', 1);
INSERT INTO `SCF`.`SCF_OBJECT_KEY` (`OBJECT_KEY_ID`, `SIF_OBJECT_NAME`, `XPATH_TO_KEY`, `SORT_ORDER`) VALUES (4, 'StudentContactPersonal', '@RefId', 1);
INSERT INTO `SCF`.`SCF_OBJECT_KEY` (`OBJECT_KEY_ID`, `SIF_OBJECT_NAME`, `XPATH_TO_KEY`, `SORT_ORDER`) VALUES (5, 'StudentSchoolEnrollment', '@RefId', 1);
INSERT INTO `SCF`.`SCF_OBJECT_KEY` (`OBJECT_KEY_ID`, `SIF_OBJECT_NAME`, `XPATH_TO_KEY`, `SORT_ORDER`) VALUES (6, 'StaffAssignment', '@RefId', 1);
INSERT INTO `SCF`.`SCF_OBJECT_KEY` (`OBJECT_KEY_ID`, `SIF_OBJECT_NAME`, `XPATH_TO_KEY`, `SORT_ORDER`) VALUES (7, 'TeachingGroup', '@RefId', 1);
INSERT INTO `SCF`.`SCF_OBJECT_KEY` (`OBJECT_KEY_ID`, `SIF_OBJECT_NAME`, `XPATH_TO_KEY`, `SORT_ORDER`) VALUES (8, 'StudentContactRelationship', '@StudentPersonalRefId', 1);
INSERT INTO `SCF`.`SCF_OBJECT_KEY` (`OBJECT_KEY_ID`, `SIF_OBJECT_NAME`, `XPATH_TO_KEY`, `SORT_ORDER`) VALUES (9, 'StudentContactRelationship', '@StudentContactPersonalRefId', 2);
INSERT INTO `SCF`.`SCF_OBJECT_KEY` (`OBJECT_KEY_ID`, `SIF_OBJECT_NAME`, `XPATH_TO_KEY`, `SORT_ORDER`) VALUES (10, 'Identity', '@RefId', 1);

COMMIT;

-- -----------------------------------------------------
-- Data for table `SCF`.`SCF_DEPENDENCY_INFO`
-- -----------------------------------------------------
SET AUTOCOMMIT=0;
USE `SCF`;
INSERT INTO `SCF`.`SCF_DEPENDENCY_INFO` (`DEPENDENCY_INFO_ID`, `SIF_OBJECT_NAME`, `PARENT_SIF_OBJECT_NAME`, `MULTIPLE`, `XPATH_TO_LIST`) VALUES (1, 'StudentSchoolEnrollment', 'StudentPersonal', 0, NULL);
INSERT INTO `SCF`.`SCF_DEPENDENCY_INFO` (`DEPENDENCY_INFO_ID`, `SIF_OBJECT_NAME`, `PARENT_SIF_OBJECT_NAME`, `MULTIPLE`, `XPATH_TO_LIST`) VALUES (2, 'StudentSchoolEnrollment', 'SchoolInfo', 0, NULL);
INSERT INTO `SCF`.`SCF_DEPENDENCY_INFO` (`DEPENDENCY_INFO_ID`, `SIF_OBJECT_NAME`, `PARENT_SIF_OBJECT_NAME`, `MULTIPLE`, `XPATH_TO_LIST`) VALUES (3, 'StaffAssignment', 'StaffPersonal', 0, NULL);
INSERT INTO `SCF`.`SCF_DEPENDENCY_INFO` (`DEPENDENCY_INFO_ID`, `SIF_OBJECT_NAME`, `PARENT_SIF_OBJECT_NAME`, `MULTIPLE`, `XPATH_TO_LIST`) VALUES (4, 'StaffAssignment', 'SchoolInfo', 0, NULL);
INSERT INTO `SCF`.`SCF_DEPENDENCY_INFO` (`DEPENDENCY_INFO_ID`, `SIF_OBJECT_NAME`, `PARENT_SIF_OBJECT_NAME`, `MULTIPLE`, `XPATH_TO_LIST`) VALUES (5, 'StudentContactRelationship', 'StudentPersonal', 0, NULL);
INSERT INTO `SCF`.`SCF_DEPENDENCY_INFO` (`DEPENDENCY_INFO_ID`, `SIF_OBJECT_NAME`, `PARENT_SIF_OBJECT_NAME`, `MULTIPLE`, `XPATH_TO_LIST`) VALUES (6, 'StudentContactRelationship', 'StudentContactPersonal', 0, NULL);
INSERT INTO `SCF`.`SCF_DEPENDENCY_INFO` (`DEPENDENCY_INFO_ID`, `SIF_OBJECT_NAME`, `PARENT_SIF_OBJECT_NAME`, `MULTIPLE`, `XPATH_TO_LIST`) VALUES (7, 'TeachingGroup', 'SchoolInfo', 0, NULL);
INSERT INTO `SCF`.`SCF_DEPENDENCY_INFO` (`DEPENDENCY_INFO_ID`, `SIF_OBJECT_NAME`, `PARENT_SIF_OBJECT_NAME`, `MULTIPLE`, `XPATH_TO_LIST`) VALUES (8, 'TeachingGroup', 'StudentPersonal', 1, 'StudentList/TeachingGroupStudent');
INSERT INTO `SCF`.`SCF_DEPENDENCY_INFO` (`DEPENDENCY_INFO_ID`, `SIF_OBJECT_NAME`, `PARENT_SIF_OBJECT_NAME`, `MULTIPLE`, `XPATH_TO_LIST`) VALUES (9, 'TeachingGroup', 'StaffPersonal', 1, 'TeacherList/TeachingGroupTeacher');
INSERT INTO `SCF`.`SCF_DEPENDENCY_INFO` (`DEPENDENCY_INFO_ID`, `SIF_OBJECT_NAME`, `PARENT_SIF_OBJECT_NAME`, `MULTIPLE`, `XPATH_TO_LIST`) VALUES (10, 'Identity', NULL, 0, NULL);

COMMIT;

-- -----------------------------------------------------
-- Data for table `SCF`.`SCF_DEPENDENCY_KEY_INFO`
-- -----------------------------------------------------
SET AUTOCOMMIT=0;
USE `SCF`;
INSERT INTO `SCF`.`SCF_DEPENDENCY_KEY_INFO` (`DEPENDENCY_KEY_INFO_ID`, `DEPENDENCY_INFO_ID`, `XPATH_TO_KEY`, `SORT_ORDER`, `IS_INDICATOR`) VALUES (1, 1, 'StudentPersonalRefId', 1, 0);
INSERT INTO `SCF`.`SCF_DEPENDENCY_KEY_INFO` (`DEPENDENCY_KEY_INFO_ID`, `DEPENDENCY_INFO_ID`, `XPATH_TO_KEY`, `SORT_ORDER`, `IS_INDICATOR`) VALUES (2, 2, 'SchoolInfoRefId', 1, 0);
INSERT INTO `SCF`.`SCF_DEPENDENCY_KEY_INFO` (`DEPENDENCY_KEY_INFO_ID`, `DEPENDENCY_INFO_ID`, `XPATH_TO_KEY`, `SORT_ORDER`, `IS_INDICATOR`) VALUES (3, 3, 'StaffPersonalRefId', 1, 0);
INSERT INTO `SCF`.`SCF_DEPENDENCY_KEY_INFO` (`DEPENDENCY_KEY_INFO_ID`, `DEPENDENCY_INFO_ID`, `XPATH_TO_KEY`, `SORT_ORDER`, `IS_INDICATOR`) VALUES (4, 4, 'SchoolInfoRefId', 1, 0);
INSERT INTO `SCF`.`SCF_DEPENDENCY_KEY_INFO` (`DEPENDENCY_KEY_INFO_ID`, `DEPENDENCY_INFO_ID`, `XPATH_TO_KEY`, `SORT_ORDER`, `IS_INDICATOR`) VALUES (5, 5, '@StudentPersonalRefId', 1, 0);
INSERT INTO `SCF`.`SCF_DEPENDENCY_KEY_INFO` (`DEPENDENCY_KEY_INFO_ID`, `DEPENDENCY_INFO_ID`, `XPATH_TO_KEY`, `SORT_ORDER`, `IS_INDICATOR`) VALUES (6, 6, '@StudentContactPersonalRefId', 1, 0);
INSERT INTO `SCF`.`SCF_DEPENDENCY_KEY_INFO` (`DEPENDENCY_KEY_INFO_ID`, `DEPENDENCY_INFO_ID`, `XPATH_TO_KEY`, `SORT_ORDER`, `IS_INDICATOR`) VALUES (7, 7, 'SchoolInfoRefID', 1, 0);
INSERT INTO `SCF`.`SCF_DEPENDENCY_KEY_INFO` (`DEPENDENCY_KEY_INFO_ID`, `DEPENDENCY_INFO_ID`, `XPATH_TO_KEY`, `SORT_ORDER`, `IS_INDICATOR`) VALUES (8, 8, 'StudentPersonalRefId', 1, 0);
INSERT INTO `SCF`.`SCF_DEPENDENCY_KEY_INFO` (`DEPENDENCY_KEY_INFO_ID`, `DEPENDENCY_INFO_ID`, `XPATH_TO_KEY`, `SORT_ORDER`, `IS_INDICATOR`) VALUES (9, 9, 'StaffPersonalRefId', 1, 0);
INSERT INTO `SCF`.`SCF_DEPENDENCY_KEY_INFO` (`DEPENDENCY_KEY_INFO_ID`, `DEPENDENCY_INFO_ID`, `XPATH_TO_KEY`, `SORT_ORDER`, `IS_INDICATOR`) VALUES (10, 10, 'SIF_RefId', 1, 0);
INSERT INTO `SCF`.`SCF_DEPENDENCY_KEY_INFO` (`DEPENDENCY_KEY_INFO_ID`, `DEPENDENCY_INFO_ID`, `XPATH_TO_KEY`, `SORT_ORDER`, `IS_INDICATOR`) VALUES (11, 10, 'SIF_RefId/@SIF_RefObject', 1, 1);

COMMIT;

-- -----------------------------------------------------
-- Data for table `SCF`.`SCF_VALID_INDICATOR`
-- -----------------------------------------------------
SET AUTOCOMMIT=0;
USE `SCF`;
INSERT INTO `SCF`.`SCF_VALID_INDICATOR` (`DEPENDENCY_KEY_INFO_ID`, `SIF_OBJECT_NAME`) VALUES (11, 'StudentPersonal');
INSERT INTO `SCF`.`SCF_VALID_INDICATOR` (`DEPENDENCY_KEY_INFO_ID`, `SIF_OBJECT_NAME`) VALUES (11, 'StaffPersonal');
INSERT INTO `SCF`.`SCF_VALID_INDICATOR` (`DEPENDENCY_KEY_INFO_ID`, `SIF_OBJECT_NAME`) VALUES (11, 'StudentContactPersonal');

COMMIT;
